down_time_cutoff_hours,startup_plus_ramp_up_rate,startup_cost_per_mw
10,0.003,29793.14195
48,0.00180303,36416.17026
72,0.001363636,62775.13027
