down_time_cutoff_hours,startup_plus_ramp_up_rate,startup_cost_per_mw
10,0.009378882,49352.79503
48,0.007701863,60828.32298
72,0.004161491,105205.7143
